CD_MUN,NM_MUN,ESTADO,ano,desmatamento_km2
1100015,Alta Floresta D'Oeste,RO,2008.0,26.525735575590605
1100015,Alta Floresta D'Oeste,RO,2009.0,5.0910389526339195
1100015,Alta Floresta D'Oeste,RO,2010.0,1.8011768308877698
1100015,Alta Floresta D'Oeste,RO,2011.0,6.878333700777665
1100015,Alta Floresta D'Oeste,RO,2012.0,5.311944220034254
1100015,Alta Floresta D'Oeste,RO,2013.0,6.71056067287076
1100015,Alta Floresta D'Oeste,RO,2014.0,10.396007268192216
1100015,Alta Floresta D'Oeste,RO,2015.0,5.11280462708432
1100015,Alta Floresta D'Oeste,RO,2016.0,15.722710280925698
1100015,Alta Floresta D'Oeste,RO,2017.0,19.47648689182628
1100015,Alta Floresta D'Oeste,RO,2018.0,13.938416904282134
1100015,Alta Floresta D'Oeste,RO,2019.0,30.296491921065964
1100015,Alta Floresta D'Oeste,RO,2020.0,25.665308972227624
1100015,Alta Floresta D'Oeste,RO,2021.0,25.10306000044388
1100015,Alta Floresta D'Oeste,RO,2022.0,24.414417140199124
1100015,Alta Floresta D'Oeste,RO,2023.0,14.864018166350952
1100023,Ariquemes,RO,2008.0,8.490101549562269
1100023,Ariquemes,RO,2009.0,8.695626128893686
1100023,Ariquemes,RO,2010.0,4.1823902210936525
1100023,Ariquemes,RO,2011.0,3.747633454679921
1100023,Ariquemes,RO,2012.0,7.173943095881479
1100023,Ariquemes,RO,2013.0,12.534875150854244
1100023,Ariquemes,RO,2014.0,10.354583073858441
1100023,Ariquemes,RO,2015.0,10.323422690174535
1100023,Ariquemes,RO,2016.0,31.470596787585773
1100023,Ariquemes,RO,2017.0,20.983523515652827
1100023,Ariquemes,RO,2018.0,17.046568228566592
1100023,Ariquemes,RO,2019.0,18.78432438326392
1100023,Ariquemes,RO,2020.0,22.670898640718654
1100023,Ariquemes,RO,2021.0,15.182371012297203
1100023,Ariquemes,RO,2022.0,11.910623210156814
1100023,Ariquemes,RO,2023.0,13.57903327795225
1100031,Cabixi,RO,2008.0,3.845441866700783
1100031,Cabixi,RO,2009.0,0.8952067689849035
1100031,Cabixi,RO,2010.0,0.866027495500531
1100031,Cabixi,RO,2011.0,0.7487364034789722
1100031,Cabixi,RO,2012.0,0.7075243979444776
1100031,Cabixi,RO,2013.0,1.3972408299960526
1100031,Cabixi,RO,2014.0,5.029097849993792
1100031,Cabixi,RO,2015.0,7.243723466127213
1100031,Cabixi,RO,2016.0,6.8954784884372495
1100031,Cabixi,RO,2017.0,1.8832932494059387
1100031,Cabixi,RO,2018.0,3.201418374886195
1100031,Cabixi,RO,2019.0,4.739043545426241
1100031,Cabixi,RO,2020.0,0.9615155304218075
1100031,Cabixi,RO,2021.0,4.43659530867063
1100031,Cabixi,RO,2022.0,0.6761531269770007
1100031,Cabixi,RO,2023.0,2.864147680421373
1100049,Cacoal,RO,2008.0,4.6504202052449966
1100049,Cacoal,RO,2009.0,3.060628543702228
1100049,Cacoal,RO,2010.0,1.6725070995728868
1100049,Cacoal,RO,2011.0,2.33326323182173
1100049,Cacoal,RO,2012.0,3.364915828992889
1100049,Cacoal,RO,2013.0,1.8280630045309834
1100049,Cacoal,RO,2014.0,4.313131170854668
1100049,Cacoal,RO,2015.0,2.342445970025454
1100049,Cacoal,RO,2016.0,2.954729212826968
1100049,Cacoal,RO,2017.0,8.086690368795422
1100049,Cacoal,RO,2018.0,4.9481886384896
1100049,Cacoal,RO,2019.0,5.970442435215726
1100049,Cacoal,RO,2020.0,5.001712935881791
1100049,Cacoal,RO,2021.0,18.433520925081268
1100049,Cacoal,RO,2022.0,3.2489001898118297
1100049,Cacoal,RO,2023.0,3.2649730592514428
1100056,Cerejeiras,RO,2008.0,2.245958880314059
1100056,Cerejeiras,RO,2009.0,0.5825666135828834
1100056,Cerejeiras,RO,2010.0,0.9560092316126932
1100056,Cerejeiras,RO,2011.0,1.7143034496778886
1100056,Cerejeiras,RO,2012.0,1.269034375148712
1100056,Cerejeiras,RO,2013.0,0.6387324882246499
1100056,Cerejeiras,RO,2014.0,2.666359787132093
1100056,Cerejeiras,RO,2015.0,2.9457935161403737
1100056,Cerejeiras,RO,2016.0,6.371591896891015
1100056,Cerejeiras,RO,2017.0,1.6913670193189039
1100056,Cerejeiras,RO,2018.0,0.9041611194032397
1100056,Cerejeiras,RO,2019.0,1.0385351155388987
1100056,Cerejeiras,RO,2020.0,0.9298233837456844
1100056,Cerejeiras,RO,2021.0,3.12941314091889
1100056,Cerejeiras,RO,2022.0,4.527290274082244
1100056,Cerejeiras,RO,2023.0,1.4430097438331784
1100064,Colorado do Oeste,RO,2008.0,1.7625381457009928
1100064,Colorado do Oeste,RO,2009.0,1.0532879568819211
1100064,Colorado do Oeste,RO,2010.0,0.0659378837649287
1100064,Colorado do Oeste,RO,2011.0,0.7507407195894751
1100064,Colorado do Oeste,RO,2012.0,0.1770621007528584
1100064,Colorado do Oeste,RO,2013.0,0.5502287034638331
1100064,Colorado do Oeste,RO,2014.0,0.5903189820763446
1100064,Colorado do Oeste,RO,2015.0,5.6730371838464615
1100064,Colorado do Oeste,RO,2016.0,1.1951076772960785
1100064,Colorado do Oeste,RO,2017.0,1.789226328930439
1100064,Colorado do Oeste,RO,2018.0,0.522465945049986
1100064,Colorado do Oeste,RO,2019.0,1.8490155053168
1100064,Colorado do Oeste,RO,2020.0,0.7048216032352411
1100064,Colorado do Oeste,RO,2021.0,1.2984848904255166
1100064,Colorado do Oeste,RO,2022.0,1.2334157085859103
1100064,Colorado do Oeste,RO,2023.0,1.4960225851170759
1100072,Corumbiara,RO,2008.0,4.421393043400737
1100072,Corumbiara,RO,2009.0,0.799268035635929
1100072,Corumbiara,RO,2010.0,1.3038364856996467
1100072,Corumbiara,RO,2011.0,3.1513836085749714
1100072,Corumbiara,RO,2012.0,2.3932035340863242
1100072,Corumbiara,RO,2013.0,0.7150587266637539
1100072,Corumbiara,RO,2014.0,1.7510974424633348
1100072,Corumbiara,RO,2015.0,3.259586264474718
1100072,Corumbiara,RO,2016.0,1.7426487029773383
1100072,Corumbiara,RO,2017.0,2.7282537533680387
1100072,Corumbiara,RO,2018.0,6.5946279637986205
1100072,Corumbiara,RO,2019.0,3.819962127956954
1100072,Corumbiara,RO,2020.0,4.106034834397252
1100072,Corumbiara,RO,2021.0,4.182942684431572
1100072,Corumbiara,RO,2022.0,3.4517845400489136
1100072,Corumbiara,RO,2023.0,2.940952089588092
1100080,Costa Marques,RO,2008.0,102.58359344274815
1100080,Costa Marques,RO,2009.0,18.37772633578498
1100080,Costa Marques,RO,2010.0,21.269703313837084
1100080,Costa Marques,RO,2011.0,17.73243211508799
1100080,Costa Marques,RO,2012.0,17.384207508398593
1100080,Costa Marques,RO,2013.0,31.103664381194974
1100080,Costa Marques,RO,2014.0,14.083351541742024
1100080,Costa Marques,RO,2015.0,24.380557106346714
1100080,Costa Marques,RO,2016.0,25.11120451850489
1100080,Costa Marques,RO,2017.0,26.0388759692393
1100080,Costa Marques,RO,2018.0,30.239676940742683
1100080,Costa Marques,RO,2019.0,42.9789443432205
1100080,Costa Marques,RO,2020.0,37.09059206475977
1100080,Costa Marques,RO,2021.0,35.293694526681094
1100080,Costa Marques,RO,2022.0,39.83479027774526
1100080,Costa Marques,RO,2023.0,28.435178533555394
1100098,Espigão D'Oeste,RO,2008.0,10.766793771006007
1100098,Espigão D'Oeste,RO,2009.0,4.889282004659615
1100098,Espigão D'Oeste,RO,2010.0,3.070027553127418
1100098,Espigão D'Oeste,RO,2011.0,1.5002182893801963
1100098,Espigão D'Oeste,RO,2012.0,7.311362961269124
1100098,Espigão D'Oeste,RO,2013.0,2.301973764298757
1100098,Espigão D'Oeste,RO,2014.0,2.7427413618951513
1100098,Espigão D'Oeste,RO,2015.0,1.491579437942294
1100098,Espigão D'Oeste,RO,2016.0,2.3424446168595754
1100098,Espigão D'Oeste,RO,2017.0,4.2819380929228075
1100098,Espigão D'Oeste,RO,2018.0,5.572305773971714
1100098,Espigão D'Oeste,RO,2019.0,6.94150486623966
1100098,Espigão D'Oeste,RO,2020.0,4.183566712999236
1100098,Espigão D'Oeste,RO,2021.0,11.84854046287095
1100098,Espigão D'Oeste,RO,2022.0,5.804428358662692
1100098,Espigão D'Oeste,RO,2023.0,4.08076035103943
1100106,Guajará-Mirim,RO,2008.0,17.03266494490033
1100106,Guajará-Mirim,RO,2009.0,8.18569214886275
1100106,Guajará-Mirim,RO,2010.0,3.7665234941436263
1100106,Guajará-Mirim,RO,2011.0,6.273093461721103
1100106,Guajará-Mirim,RO,2012.0,6.983575227329241
1100106,Guajará-Mirim,RO,2013.0,24.719077029538997
1100106,Guajará-Mirim,RO,2014.0,10.463294707397477
1100106,Guajará-Mirim,RO,2015.0,21.50256381758643
1100106,Guajará-Mirim,RO,2016.0,13.247478678964574
1100106,Guajará-Mirim,RO,2017.0,4.258300347518234
1100106,Guajará-Mirim,RO,2018.0,15.961794407405595
1100106,Guajará-Mirim,RO,2019.0,18.74829111115173
1100106,Guajará-Mirim,RO,2020.0,35.16059974594408
1100106,Guajará-Mirim,RO,2021.0,27.555978892364664
1100106,Guajará-Mirim,RO,2022.0,24.346328554760195
1100106,Guajará-Mirim,RO,2023.0,9.864557796813443
1100114,Jaru,RO,2008.0,2.592652588887385
1100114,Jaru,RO,2009.0,1.7058048867789093
1100114,Jaru,RO,2010.0,0.22238560773354216
1100114,Jaru,RO,2011.0,0.8864893262527127
1100114,Jaru,RO,2012.0,0.41947121795303666
1100114,Jaru,RO,2013.0,0.3072527919921618
1100114,Jaru,RO,2014.0,1.2965139694794803
1100114,Jaru,RO,2015.0,1.957481200118135
1100114,Jaru,RO,2016.0,1.6758229867410737
1100114,Jaru,RO,2017.0,2.0705381549229602
1100114,Jaru,RO,2018.0,1.640070125077628
1100114,Jaru,RO,2019.0,2.3275538942496063
1100114,Jaru,RO,2020.0,4.360248345222554
1100114,Jaru,RO,2021.0,2.738073760374909
1100114,Jaru,RO,2022.0,6.817376761036383
1100114,Jaru,RO,2023.0,3.0747239047850887
1100122,Ji-Paraná,RO,2008.0,5.917066096835431
1100122,Ji-Paraná,RO,2009.0,5.2788460079855355
1100122,Ji-Paraná,RO,2010.0,0.8588180819725371
1100122,Ji-Paraná,RO,2011.0,1.2185765172655767
1100122,Ji-Paraná,RO,2012.0,1.5485697711396438
1100122,Ji-Paraná,RO,2013.0,2.8825668656235948
1100122,Ji-Paraná,RO,2014.0,0.5412892695173639
1100122,Ji-Paraná,RO,2015.0,1.3050413878372658
1100122,Ji-Paraná,RO,2016.0,3.0283175113876046
1100122,Ji-Paraná,RO,2017.0,1.2202706237645122
1100122,Ji-Paraná,RO,2018.0,1.2478012244701955
1100122,Ji-Paraná,RO,2019.0,3.4165660716069364
1100122,Ji-Paraná,RO,2020.0,2.5296396803144527
1100122,Ji-Paraná,RO,2021.0,2.969157689564791
1100122,Ji-Paraná,RO,2022.0,1.2695118581771758
1100122,Ji-Paraná,RO,2023.0,4.565230625439133
1100130,Machadinho D'Oeste,RO,2008.0,53.37885462281913
1100130,Machadinho D'Oeste,RO,2009.0,27.98228527345369
1100130,Machadinho D'Oeste,RO,2010.0,18.05188474816588
1100130,Machadinho D'Oeste,RO,2011.0,54.811816848742026
1100130,Machadinho D'Oeste,RO,2012.0,66.3604536773326
1100130,Machadinho D'Oeste,RO,2013.0,81.82742833327141
1100130,Machadinho D'Oeste,RO,2014.0,61.7860427770984
1100130,Machadinho D'Oeste,RO,2015.0,98.18599050619979
1100130,Machadinho D'Oeste,RO,2016.0,93.60358346019119
1100130,Machadinho D'Oeste,RO,2017.0,99.302479398566
1100130,Machadinho D'Oeste,RO,2018.0,72.5831505658743
1100130,Machadinho D'Oeste,RO,2019.0,79.99502634071663
1100130,Machadinho D'Oeste,RO,2020.0,44.818141694620415
1100130,Machadinho D'Oeste,RO,2021.0,57.72301592321962
1100130,Machadinho D'Oeste,RO,2022.0,69.19592317250311
1100130,Machadinho D'Oeste,RO,2023.0,33.92405322529605
1100148,Nova Brasilândia D'Oeste,RO,2008.0,13.947553364648154
1100148,Nova Brasilândia D'Oeste,RO,2009.0,2.0746385590577816
1100148,Nova Brasilândia D'Oeste,RO,2010.0,1.2334620161292982
1100148,Nova Brasilândia D'Oeste,RO,2011.0,4.905691837431477
1100148,Nova Brasilândia D'Oeste,RO,2012.0,2.2106709482149487
1100148,Nova Brasilândia D'Oeste,RO,2013.0,1.8366834875257567
1100148,Nova Brasilândia D'Oeste,RO,2014.0,2.026219108634071
1100148,Nova Brasilândia D'Oeste,RO,2015.0,1.3400468136993657
1100148,Nova Brasilândia D'Oeste,RO,2016.0,2.1498172980758476
1100148,Nova Brasilândia D'Oeste,RO,2017.0,3.344481738499326
1100148,Nova Brasilândia D'Oeste,RO,2018.0,1.1047814591084488
1100148,Nova Brasilândia D'Oeste,RO,2019.0,5.663647776885828
1100148,Nova Brasilândia D'Oeste,RO,2020.0,3.9651913600440887
1100148,Nova Brasilândia D'Oeste,RO,2021.0,2.4073435514867425
1100148,Nova Brasilândia D'Oeste,RO,2022.0,1.8467682953664117
1100148,Nova Brasilândia D'Oeste,RO,2023.0,3.2604544473855555
1100155,Ouro Preto do Oeste,RO,2008.0,1.343423617136346
1100155,Ouro Preto do Oeste,RO,2009.0,0.5379614563927549
1100155,Ouro Preto do Oeste,RO,2011.0,0.18190314612777497
1100155,Ouro Preto do Oeste,RO,2012.0,0.5742472227625649
1100155,Ouro Preto do Oeste,RO,2013.0,0.5380576309718886
1100155,Ouro Preto do Oeste,RO,2014.0,0.30694705561160035
1100155,Ouro Preto do Oeste,RO,2015.0,0.2504392423743427
1100155,Ouro Preto do Oeste,RO,2016.0,8.399191916915365
1100155,Ouro Preto do Oeste,RO,2017.0,34.10380778158371
1100155,Ouro Preto do Oeste,RO,2018.0,23.936958272820725
1100155,Ouro Preto do Oeste,RO,2019.0,22.820974704294283
1100155,Ouro Preto do Oeste,RO,2020.0,8.659689047251506
1100155,Ouro Preto do Oeste,RO,2021.0,7.708711157038145
1100155,Ouro Preto do Oeste,RO,2022.0,2.6146286014177105
1100155,Ouro Preto do Oeste,RO,2023.0,2.954548268268198
1100189,Pimenta Bueno,RO,2008.0,43.724140969587026
1100189,Pimenta Bueno,RO,2009.0,14.18517526946078
1100189,Pimenta Bueno,RO,2010.0,4.116687027329899
1100189,Pimenta Bueno,RO,2011.0,4.288394159957448
1100189,Pimenta Bueno,RO,2012.0,32.80529314024574
1100189,Pimenta Bueno,RO,2013.0,6.505907734140326
1100189,Pimenta Bueno,RO,2014.0,3.8400211352575093
1100189,Pimenta Bueno,RO,2015.0,6.6295842082108996
1100189,Pimenta Bueno,RO,2016.0,10.254183685916653
1100189,Pimenta Bueno,RO,2017.0,21.060187729336597
1100189,Pimenta Bueno,RO,2018.0,19.842983485550246
1100189,Pimenta Bueno,RO,2019.0,20.563951729105668
1100189,Pimenta Bueno,RO,2020.0,17.53340251566188
1100189,Pimenta Bueno,RO,2021.0,33.37931219964442
1100189,Pimenta Bueno,RO,2022.0,15.073019685826825
1100189,Pimenta Bueno,RO,2023.0,15.438441826818833
1100205,Porto Velho,RO,2008.0,211.88657876475654
1100205,Porto Velho,RO,2009.0,101.2277717226619
1100205,Porto Velho,RO,2010.0,135.0064983914028
1100205,Porto Velho,RO,2011.0,323.8044595184967
1100205,Porto Velho,RO,2012.0,196.07736330877466
1100205,Porto Velho,RO,2013.0,309.94566577823
1100205,Porto Velho,RO,2014.0,225.5307618620717
1100205,Porto Velho,RO,2015.0,289.9741366175219
1100205,Porto Velho,RO,2016.0,310.3293711962064
1100205,Porto Velho,RO,2017.0,352.35827790976373
1100205,Porto Velho,RO,2018.0,383.96473195324745
1100205,Porto Velho,RO,2019.0,419.06905810251885
1100205,Porto Velho,RO,2020.0,456.35626726945435
1100205,Porto Velho,RO,2021.0,628.0439023262741
1100205,Porto Velho,RO,2022.0,559.6127075854906
1100205,Porto Velho,RO,2023.0,268.013918806145
1100254,Presidente Médici,RO,2008.0,3.532895563646482
1100254,Presidente Médici,RO,2009.0,1.871935409071011
1100254,Presidente Médici,RO,2010.0,0.12653439151550794
1100254,Presidente Médici,RO,2011.0,0.6842209435155147
1100254,Presidente Médici,RO,2012.0,0.13640775052668835
1100254,Presidente Médici,RO,2013.0,0.5143493935381057
1100254,Presidente Médici,RO,2014.0,0.7144210118388852
1100254,Presidente Médici,RO,2015.0,0.31594003362636297
1100254,Presidente Médici,RO,2016.0,0.6511798450439783
1100254,Presidente Médici,RO,2017.0,0.6349893855886749
1100254,Presidente Médici,RO,2018.0,0.3894413404514092
1100254,Presidente Médici,RO,2019.0,0.9888388282688756
1100254,Presidente Médici,RO,2020.0,0.7508149193716785
1100254,Presidente Médici,RO,2021.0,1.100598794903854
1100254,Presidente Médici,RO,2022.0,0.5328364745838371
1100254,Presidente Médici,RO,2023.0,1.0058697230276346
1100262,Rio Crespo,RO,2008.0,7.676446275187912
1100262,Rio Crespo,RO,2009.0,5.655815262599652
1100262,Rio Crespo,RO,2010.0,2.0201477632897884
1100262,Rio Crespo,RO,2011.0,2.6063746873801925
1100262,Rio Crespo,RO,2012.0,3.4340179123451833
1100262,Rio Crespo,RO,2013.0,5.084392461776791
1100262,Rio Crespo,RO,2014.0,4.624336362218913
1100262,Rio Crespo,RO,2015.0,8.690069174301378
1100262,Rio Crespo,RO,2016.0,9.322062417146434
1100262,Rio Crespo,RO,2017.0,8.12926129600176
1100262,Rio Crespo,RO,2018.0,6.297579419723938
1100262,Rio Crespo,RO,2019.0,10.80956811045372
1100262,Rio Crespo,RO,2020.0,6.158303104514452
1100262,Rio Crespo,RO,2021.0,8.391235549441264
1100262,Rio Crespo,RO,2022.0,4.192146453901331
1100262,Rio Crespo,RO,2023.0,3.132538535722588
1100288,Rolim de Moura,RO,2008.0,3.2362556679991945
1100288,Rolim de Moura,RO,2009.0,0.15737522692424272
1100288,Rolim de Moura,RO,2010.0,0.17734812815064185
1100288,Rolim de Moura,RO,2011.0,0.732396524226037
1100288,Rolim de Moura,RO,2012.0,1.1072646286333039
1100288,Rolim de Moura,RO,2013.0,0.6068547087008533
1100288,Rolim de Moura,RO,2014.0,0.5493275947767108
1100288,Rolim de Moura,RO,2015.0,0.29296711095897127
1100288,Rolim de Moura,RO,2016.0,0.33628764229421015
1100288,Rolim de Moura,RO,2017.0,2.290865880062752
1100288,Rolim de Moura,RO,2018.0,1.7800229367822533
1100288,Rolim de Moura,RO,2019.0,2.6050856522483197
1100288,Rolim de Moura,RO,2020.0,0.9647369103678503
1100288,Rolim de Moura,RO,2021.0,1.3408469762517252
1100288,Rolim de Moura,RO,2022.0,1.8903602805631403
1100288,Rolim de Moura,RO,2023.0,1.5677132779076923
1100296,Santa Luzia D'Oeste,RO,2008.0,3.657470456270761
1100296,Santa Luzia D'Oeste,RO,2009.0,0.9183431808823633
1100296,Santa Luzia D'Oeste,RO,2010.0,0.582771921633061
1100296,Santa Luzia D'Oeste,RO,2011.0,0.15639264963698057
1100296,Santa Luzia D'Oeste,RO,2012.0,2.3770851332482286
1100296,Santa Luzia D'Oeste,RO,2013.0,0.41156436352814696
1100296,Santa Luzia D'Oeste,RO,2014.0,0.270159038160935
1100296,Santa Luzia D'Oeste,RO,2015.0,0.6221025257288684
1100296,Santa Luzia D'Oeste,RO,2016.0,0.46891378467531475
1100296,Santa Luzia D'Oeste,RO,2017.0,0.5484012910054114
1100296,Santa Luzia D'Oeste,RO,2018.0,0.846496567558401
1100296,Santa Luzia D'Oeste,RO,2019.0,1.5519183446495397
1100296,Santa Luzia D'Oeste,RO,2020.0,0.8170395657763615
1100296,Santa Luzia D'Oeste,RO,2021.0,1.0584064501869395
1100296,Santa Luzia D'Oeste,RO,2022.0,0.19570677603809167
1100296,Santa Luzia D'Oeste,RO,2023.0,0.06440129477050967
1100304,Vilhena,RO,2008.0,43.4680003268745
1100304,Vilhena,RO,2009.0,5.292108316274084
1100304,Vilhena,RO,2010.0,3.8898866378031136
1100304,Vilhena,RO,2011.0,5.933389810891007
1100304,Vilhena,RO,2012.0,8.167685646901408
1100304,Vilhena,RO,2013.0,6.962220854489679
1100304,Vilhena,RO,2014.0,6.822005238023315
1100304,Vilhena,RO,2015.0,13.812564592605918
1100304,Vilhena,RO,2016.0,12.284671084362497
1100304,Vilhena,RO,2017.0,13.699172514363122
1100304,Vilhena,RO,2018.0,13.670780063381626
1100304,Vilhena,RO,2019.0,16.933168670969263
1100304,Vilhena,RO,2020.0,16.4814798666185
1100304,Vilhena,RO,2021.0,17.178388252002687
1100304,Vilhena,RO,2022.0,7.038401520937452
1100304,Vilhena,RO,2023.0,5.337590658878095
1100320,São Miguel do Guaporé,RO,2008.0,38.13331073271695
1100320,São Miguel do Guaporé,RO,2009.0,3.4835662947534223
1100320,São Miguel do Guaporé,RO,2010.0,3.830124833786587
1100320,São Miguel do Guaporé,RO,2011.0,5.261647205126358
1100320,São Miguel do Guaporé,RO,2012.0,12.458266649372927
1100320,São Miguel do Guaporé,RO,2013.0,7.198541141978142
1100320,São Miguel do Guaporé,RO,2014.0,10.085898479385818
1100320,São Miguel do Guaporé,RO,2015.0,4.464203979846792
1100320,São Miguel do Guaporé,RO,2016.0,17.199181113061446
1100320,São Miguel do Guaporé,RO,2017.0,9.18354681373433
1100320,São Miguel do Guaporé,RO,2018.0,7.6658646749848876
1100320,São Miguel do Guaporé,RO,2019.0,16.238559368534375
1100320,São Miguel do Guaporé,RO,2020.0,20.082136586104816
1100320,São Miguel do Guaporé,RO,2021.0,11.299938236233693
1100320,São Miguel do Guaporé,RO,2022.0,8.555499668644874
1100320,São Miguel do Guaporé,RO,2023.0,5.339893563229514
1100338,Nova Mamoré,RO,2008.0,66.07174530099132
1100338,Nova Mamoré,RO,2009.0,28.950263558800202
1100338,Nova Mamoré,RO,2010.0,60.22473583430737
1100338,Nova Mamoré,RO,2011.0,77.05776787346767
1100338,Nova Mamoré,RO,2012.0,77.66958843364368
1100338,Nova Mamoré,RO,2013.0,133.70789421129737
1100338,Nova Mamoré,RO,2014.0,137.53077569958836
1100338,Nova Mamoré,RO,2015.0,149.2705812666931
1100338,Nova Mamoré,RO,2016.0,146.55672390326015
1100338,Nova Mamoré,RO,2017.0,179.9862091612324
1100338,Nova Mamoré,RO,2018.0,148.5101951172448
1100338,Nova Mamoré,RO,2019.0,150.3378204843527
1100338,Nova Mamoré,RO,2020.0,114.57791130560231
1100338,Nova Mamoré,RO,2021.0,96.25946144739278
1100338,Nova Mamoré,RO,2022.0,152.47398749704698
1100338,Nova Mamoré,RO,2023.0,66.92564087724463
1100346,Alvorada D'Oeste,RO,2008.0,6.5240516937446715
1100346,Alvorada D'Oeste,RO,2009.0,1.4477293294780293
1100346,Alvorada D'Oeste,RO,2010.0,0.9181598916231153
1100346,Alvorada D'Oeste,RO,2011.0,2.292592544473059
1100346,Alvorada D'Oeste,RO,2012.0,1.9662610402972016
1100346,Alvorada D'Oeste,RO,2013.0,1.4330517164683254
1100346,Alvorada D'Oeste,RO,2014.0,2.3877898563542415
1100346,Alvorada D'Oeste,RO,2015.0,1.563180193843615
1100346,Alvorada D'Oeste,RO,2016.0,1.8155923682222774
1100346,Alvorada D'Oeste,RO,2017.0,1.1390839486101612
1100346,Alvorada D'Oeste,RO,2018.0,1.7505383511504655
1100346,Alvorada D'Oeste,RO,2019.0,2.504006855627696
1100346,Alvorada D'Oeste,RO,2020.0,1.8387613155163902
1100346,Alvorada D'Oeste,RO,2021.0,2.0656038238202705
1100346,Alvorada D'Oeste,RO,2022.0,0.5760772791283553
1100346,Alvorada D'Oeste,RO,2023.0,1.174355329293291
1100379,Alto Alegre dos Parecis,RO,2008.0,22.303001702883613
1100379,Alto Alegre dos Parecis,RO,2009.0,3.868464302042362
1100379,Alto Alegre dos Parecis,RO,2010.0,3.114111828808199
1100379,Alto Alegre dos Parecis,RO,2011.0,8.413310987303996
1100379,Alto Alegre dos Parecis,RO,2012.0,2.8677031716737376
1100379,Alto Alegre dos Parecis,RO,2013.0,4.846178353104958
1100379,Alto Alegre dos Parecis,RO,2014.0,5.158399498582108
1100379,Alto Alegre dos Parecis,RO,2015.0,3.6791781954176894
1100379,Alto Alegre dos Parecis,RO,2016.0,5.16640453770314
1100379,Alto Alegre dos Parecis,RO,2017.0,9.34325823706562
1100379,Alto Alegre dos Parecis,RO,2018.0,7.2774219610201625
1100379,Alto Alegre dos Parecis,RO,2019.0,10.022132401433115
1100379,Alto Alegre dos Parecis,RO,2020.0,12.601407654972311
1100379,Alto Alegre dos Parecis,RO,2021.0,12.720188647892606
1100379,Alto Alegre dos Parecis,RO,2022.0,6.210422031236939
1100379,Alto Alegre dos Parecis,RO,2023.0,4.9772847862401415
1100403,Alto Paraíso,RO,2008.0,14.545981007298787
1100403,Alto Paraíso,RO,2009.0,11.282451145967903
1100403,Alto Paraíso,RO,2010.0,8.81355254244859
1100403,Alto Paraíso,RO,2011.0,15.59580212842105
1100403,Alto Paraíso,RO,2012.0,13.269464564399444
1100403,Alto Paraíso,RO,2013.0,27.760681158011838
1100403,Alto Paraíso,RO,2014.0,14.151110409945282
1100403,Alto Paraíso,RO,2015.0,23.808556698664223
1100403,Alto Paraíso,RO,2016.0,47.561774885929424
1100403,Alto Paraíso,RO,2017.0,53.62275114695325
1100403,Alto Paraíso,RO,2018.0,65.89385510693265
1100403,Alto Paraíso,RO,2019.0,46.9435992558779
1100403,Alto Paraíso,RO,2020.0,41.51148713386628
1100403,Alto Paraíso,RO,2021.0,29.218136510251327
1100403,Alto Paraíso,RO,2022.0,21.369620767142525
1100403,Alto Paraíso,RO,2023.0,14.882540773901763
1100452,Buritis,RO,2008.0,20.84865747942749
1100452,Buritis,RO,2009.0,16.869914804459782
1100452,Buritis,RO,2010.0,34.30571048647632
1100452,Buritis,RO,2011.0,43.014191516216194
1100452,Buritis,RO,2012.0,21.731808041253057
1100452,Buritis,RO,2013.0,51.72655647010918
1100452,Buritis,RO,2014.0,57.74829830645002
1100452,Buritis,RO,2015.0,55.209110767172135
1100452,Buritis,RO,2016.0,82.57526147304448
1100452,Buritis,RO,2017.0,67.96646906591725
1100452,Buritis,RO,2018.0,44.40919386952784
1100452,Buritis,RO,2019.0,31.489163670714966
1100452,Buritis,RO,2020.0,38.880360535138685
1100452,Buritis,RO,2021.0,36.299066818782435
1100452,Buritis,RO,2022.0,27.819534526869543
1100452,Buritis,RO,2023.0,18.51891342706587
1100502,Novo Horizonte do Oeste,RO,2008.0,3.046522571809259
1100502,Novo Horizonte do Oeste,RO,2009.0,0.786286266070443
1100502,Novo Horizonte do Oeste,RO,2010.0,0.2991660408455918
1100502,Novo Horizonte do Oeste,RO,2011.0,0.6083583291688646
1100502,Novo Horizonte do Oeste,RO,2012.0,0.29240565993674356
1100502,Novo Horizonte do Oeste,RO,2013.0,0.3998687164825829
1100502,Novo Horizonte do Oeste,RO,2014.0,0.4168033335574483
1100502,Novo Horizonte do Oeste,RO,2015.0,0.9095298429214391
1100502,Novo Horizonte do Oeste,RO,2016.0,1.3096845380672975
1100502,Novo Horizonte do Oeste,RO,2017.0,0.9593159469092823
1100502,Novo Horizonte do Oeste,RO,2018.0,0.8429361569945126
1100502,Novo Horizonte do Oeste,RO,2019.0,1.426834787693478
1100502,Novo Horizonte do Oeste,RO,2020.0,0.5637594898888415
1100502,Novo Horizonte do Oeste,RO,2021.0,0.8120005766121172
1100502,Novo Horizonte do Oeste,RO,2022.0,1.2778802919181624
1100502,Novo Horizonte do Oeste,RO,2023.0,0.9142076878577539
1100601,Cacaulândia,RO,2008.0,6.983351867555209
1100601,Cacaulândia,RO,2009.0,2.73396331330387
1100601,Cacaulândia,RO,2010.0,1.0968462421851355
1100601,Cacaulândia,RO,2011.0,1.3061134377922048
1100601,Cacaulândia,RO,2012.0,0.9466046154723211
1100601,Cacaulândia,RO,2013.0,4.032055388518323
1100601,Cacaulândia,RO,2014.0,2.5256590572771502
1100601,Cacaulândia,RO,2015.0,4.372607757593928
1100601,Cacaulândia,RO,2016.0,6.255905702061671
1100601,Cacaulândia,RO,2017.0,12.272962087329864
1100601,Cacaulândia,RO,2018.0,4.539509623288678
1100601,Cacaulândia,RO,2019.0,6.1817130530833735
1100601,Cacaulândia,RO,2020.0,7.009012292912333
1100601,Cacaulândia,RO,2021.0,10.11527733450466
1100601,Cacaulândia,RO,2022.0,7.796433345315525
1100601,Cacaulândia,RO,2023.0,11.273786317804463
1100700,Campo Novo de Rondônia,RO,2008.0,19.882964612527257
1100700,Campo Novo de Rondônia,RO,2009.0,25.112597162109125
1100700,Campo Novo de Rondônia,RO,2010.0,20.13886894503429
1100700,Campo Novo de Rondônia,RO,2011.0,26.970504505848382
1100700,Campo Novo de Rondônia,RO,2012.0,13.694476464824783
1100700,Campo Novo de Rondônia,RO,2013.0,37.8506416944477
1100700,Campo Novo de Rondônia,RO,2014.0,17.55167005643863
1100700,Campo Novo de Rondônia,RO,2015.0,21.010072968624673
1100700,Campo Novo de Rondônia,RO,2016.0,33.54145316927747
1100700,Campo Novo de Rondônia,RO,2017.0,27.242021725526318
1100700,Campo Novo de Rondônia,RO,2018.0,21.717474736018946
1100700,Campo Novo de Rondônia,RO,2019.0,14.94547235368408
1100700,Campo Novo de Rondônia,RO,2020.0,14.228008386294361
1100700,Campo Novo de Rondônia,RO,2021.0,19.860649000957444
1100700,Campo Novo de Rondônia,RO,2022.0,15.553271548504341
1100700,Campo Novo de Rondônia,RO,2023.0,8.772327484735715
1100809,Candeias do Jamari,RO,2008.0,48.09612802498996
1100809,Candeias do Jamari,RO,2009.0,12.317635330576161
1100809,Candeias do Jamari,RO,2010.0,12.524297811151497
1100809,Candeias do Jamari,RO,2011.0,18.132911169735806
1100809,Candeias do Jamari,RO,2012.0,17.68038206584049
1100809,Candeias do Jamari,RO,2013.0,47.526168313805485
1100809,Candeias do Jamari,RO,2014.0,39.72599698426719
1100809,Candeias do Jamari,RO,2015.0,48.26552944945788
1100809,Candeias do Jamari,RO,2016.0,98.84759114418928
1100809,Candeias do Jamari,RO,2017.0,106.45219479501903
1100809,Candeias do Jamari,RO,2018.0,102.40339754067521
1100809,Candeias do Jamari,RO,2019.0,106.64298135923475
1100809,Candeias do Jamari,RO,2020.0,115.40440605575643
1100809,Candeias do Jamari,RO,2021.0,222.60044755082234
1100809,Candeias do Jamari,RO,2022.0,191.70460232294323
1100809,Candeias do Jamari,RO,2023.0,91.03750053628171
1100908,Castanheiras,RO,2008.0,4.923005853952768
1100908,Castanheiras,RO,2009.0,0.49655070363275605
1100908,Castanheiras,RO,2011.0,0.7372096997367737
1100908,Castanheiras,RO,2013.0,0.342015146413806
1100908,Castanheiras,RO,2014.0,1.2250752825569933
1100908,Castanheiras,RO,2015.0,1.5547432884822006
1100908,Castanheiras,RO,2016.0,4.978047667777755
1100908,Castanheiras,RO,2017.0,4.209323782841706
1100908,Castanheiras,RO,2018.0,1.7589846323787013
1100908,Castanheiras,RO,2019.0,1.7663011413532497
1100908,Castanheiras,RO,2020.0,1.4517943507768891
1100908,Castanheiras,RO,2021.0,1.0977367519572345
1100908,Castanheiras,RO,2022.0,0.3988498227570932
1100908,Castanheiras,RO,2023.0,0.2530259562175181
1100924,Chupinguaia,RO,2008.0,17.713212407304386
1100924,Chupinguaia,RO,2009.0,6.048178679500754
1100924,Chupinguaia,RO,2010.0,3.0833473542178518
1100924,Chupinguaia,RO,2011.0,4.275826525613521
1100924,Chupinguaia,RO,2012.0,17.537241520430495
1100924,Chupinguaia,RO,2013.0,4.8787827111190625
1100924,Chupinguaia,RO,2014.0,5.262225595836876
1100924,Chupinguaia,RO,2015.0,4.877718138926025
1100924,Chupinguaia,RO,2016.0,8.849585351436668
1100924,Chupinguaia,RO,2017.0,9.251165426385446
1100924,Chupinguaia,RO,2018.0,9.419147384813625
1100924,Chupinguaia,RO,2019.0,15.269820473607691
1100924,Chupinguaia,RO,2020.0,12.564903049416431
1100924,Chupinguaia,RO,2021.0,15.290354371454612
1100924,Chupinguaia,RO,2022.0,4.555598072305861
1100924,Chupinguaia,RO,2023.0,6.909387996510259
1100940,Cujubim,RO,2008.0,48.759087724112256
1100940,Cujubim,RO,2009.0,31.26597826831188
1100940,Cujubim,RO,2010.0,34.10428351453763
1100940,Cujubim,RO,2011.0,47.84049282822765
1100940,Cujubim,RO,2012.0,57.49797730731077
1100940,Cujubim,RO,2013.0,55.85214713360127
1100940,Cujubim,RO,2014.0,40.58439542366624
1100940,Cujubim,RO,2015.0,65.67257712530365
1100940,Cujubim,RO,2016.0,85.67322274691163
1100940,Cujubim,RO,2017.0,86.91005517529028
1100940,Cujubim,RO,2018.0,71.91002000474964
1100940,Cujubim,RO,2019.0,115.24800536709064
1100940,Cujubim,RO,2020.0,102.17486922379949
1100940,Cujubim,RO,2021.0,122.0395414156275
1100940,Cujubim,RO,2022.0,117.86182612505664
1100940,Cujubim,RO,2023.0,52.09232055495655
1101005,Governador Jorge Teixeira,RO,2008.0,3.7085339609449464
1101005,Governador Jorge Teixeira,RO,2009.0,4.906853873076261
1101005,Governador Jorge Teixeira,RO,2010.0,1.072282806679012
1101005,Governador Jorge Teixeira,RO,2011.0,2.178530276343688
1101005,Governador Jorge Teixeira,RO,2012.0,1.4013537133520737
1101005,Governador Jorge Teixeira,RO,2013.0,3.8769873823168957
1101005,Governador Jorge Teixeira,RO,2014.0,1.955012728151406
1101005,Governador Jorge Teixeira,RO,2015.0,3.6487099974408115
1101005,Governador Jorge Teixeira,RO,2016.0,4.3764390204136765
1101005,Governador Jorge Teixeira,RO,2017.0,6.77862980590367
1101005,Governador Jorge Teixeira,RO,2018.0,4.208346523959189
1101005,Governador Jorge Teixeira,RO,2019.0,5.6270853131869
1101005,Governador Jorge Teixeira,RO,2020.0,5.7344841140798
1101005,Governador Jorge Teixeira,RO,2021.0,21.053200258707314
1101005,Governador Jorge Teixeira,RO,2022.0,31.19671270662242
1101005,Governador Jorge Teixeira,RO,2023.0,21.687849170233605
1101104,Itapuã do Oeste,RO,2008.0,20.694324835150688
1101104,Itapuã do Oeste,RO,2009.0,3.962629439144788
1101104,Itapuã do Oeste,RO,2010.0,3.2174609816169037
1101104,Itapuã do Oeste,RO,2011.0,13.978151091761235
1101104,Itapuã do Oeste,RO,2012.0,12.657741507061736
1101104,Itapuã do Oeste,RO,2013.0,16.98940510966339
1101104,Itapuã do Oeste,RO,2014.0,9.079871995819728
1101104,Itapuã do Oeste,RO,2015.0,8.961750973431643
1101104,Itapuã do Oeste,RO,2016.0,16.323709771972904
1101104,Itapuã do Oeste,RO,2017.0,14.033454385056011
1101104,Itapuã do Oeste,RO,2018.0,16.569134167352253
1101104,Itapuã do Oeste,RO,2019.0,15.074937005137004
1101104,Itapuã do Oeste,RO,2020.0,13.600625359112279
1101104,Itapuã do Oeste,RO,2021.0,20.7494593217458
1101104,Itapuã do Oeste,RO,2022.0,10.474301118796943
1101104,Itapuã do Oeste,RO,2023.0,15.219085280957708
1101203,Ministro Andreazza,RO,2008.0,3.35275691797383
1101203,Ministro Andreazza,RO,2009.0,0.700179934840481
1101203,Ministro Andreazza,RO,2010.0,0.22298741084847173
1101203,Ministro Andreazza,RO,2011.0,0.4094248922908083
1101203,Ministro Andreazza,RO,2012.0,0.7525775583632297
1101203,Ministro Andreazza,RO,2013.0,0.10669703539129848
1101203,Ministro Andreazza,RO,2014.0,0.5292428926499001
1101203,Ministro Andreazza,RO,2015.0,0.32564165231755526
1101203,Ministro Andreazza,RO,2016.0,0.2439899591552232
1101203,Ministro Andreazza,RO,2017.0,1.6624277864218548
1101203,Ministro Andreazza,RO,2018.0,0.648481226470053
1101203,Ministro Andreazza,RO,2019.0,1.2041298374339582
1101203,Ministro Andreazza,RO,2020.0,0.8884432123449579
1101203,Ministro Andreazza,RO,2021.0,2.3228234095254505
1101203,Ministro Andreazza,RO,2022.0,1.063520818623326
1101203,Ministro Andreazza,RO,2023.0,0.7932794286761033
1101302,Mirante da Serra,RO,2008.0,5.272906704299675
1101302,Mirante da Serra,RO,2009.0,1.6151248568930652
1101302,Mirante da Serra,RO,2010.0,0.296022346269535
1101302,Mirante da Serra,RO,2011.0,0.5594351588321647
1101302,Mirante da Serra,RO,2012.0,2.8340137962361256
1101302,Mirante da Serra,RO,2013.0,1.317261593328704
1101302,Mirante da Serra,RO,2014.0,1.372340121997383
1101302,Mirante da Serra,RO,2015.0,2.75221730244492
1101302,Mirante da Serra,RO,2016.0,2.8756307024103354
1101302,Mirante da Serra,RO,2017.0,4.432065253529333
1101302,Mirante da Serra,RO,2018.0,4.499919550076261
1101302,Mirante da Serra,RO,2019.0,7.978539211968515
1101302,Mirante da Serra,RO,2020.0,7.291224282249595
1101302,Mirante da Serra,RO,2021.0,5.270690369915165
1101302,Mirante da Serra,RO,2022.0,2.30113055898841
1101302,Mirante da Serra,RO,2023.0,2.251597386312185
1101401,Monte Negro,RO,2008.0,6.699953384750889
1101401,Monte Negro,RO,2009.0,7.1904349507611975
1101401,Monte Negro,RO,2010.0,4.981517701810302
1101401,Monte Negro,RO,2011.0,10.368064108661422
1101401,Monte Negro,RO,2012.0,8.770479644573506
1101401,Monte Negro,RO,2013.0,26.07477154585183
1101401,Monte Negro,RO,2014.0,14.149554610962078
1101401,Monte Negro,RO,2015.0,14.0643359287818
1101401,Monte Negro,RO,2016.0,23.658609158664888
1101401,Monte Negro,RO,2017.0,18.26516127661944
1101401,Monte Negro,RO,2018.0,16.853343769050426
1101401,Monte Negro,RO,2019.0,10.950238002791913
1101401,Monte Negro,RO,2020.0,14.524277937220551
1101401,Monte Negro,RO,2021.0,17.180829833294183
1101401,Monte Negro,RO,2022.0,11.691352479744593
1101401,Monte Negro,RO,2023.0,11.03930726720796
1101435,Nova União,RO,2008.0,4.471913295257395
1101435,Nova União,RO,2009.0,1.9703821371866113
1101435,Nova União,RO,2010.0,0.2967393690102321
1101435,Nova União,RO,2011.0,1.1027062722311478
1101435,Nova União,RO,2012.0,0.685496313813784
1101435,Nova União,RO,2013.0,0.4448273297821724
1101435,Nova União,RO,2014.0,1.5440443420681502
1101435,Nova União,RO,2015.0,0.15708329748324928
1101435,Nova União,RO,2016.0,0.8519198895739932
1101435,Nova União,RO,2017.0,1.2458385797151725
1101435,Nova União,RO,2018.0,1.2416555640145275
1101435,Nova União,RO,2019.0,21.70467446785718
1101435,Nova União,RO,2020.0,9.737973026769332
1101435,Nova União,RO,2021.0,8.043241761664985
1101435,Nova União,RO,2022.0,5.391344492457069
1101435,Nova União,RO,2023.0,2.0591183492686183
1101450,Parecis,RO,2008.0,19.674792540498764
1101450,Parecis,RO,2009.0,1.362706689140327
1101450,Parecis,RO,2010.0,2.795185229668462
1101450,Parecis,RO,2011.0,7.634223822793646
1101450,Parecis,RO,2012.0,20.040946118504607
1101450,Parecis,RO,2013.0,4.7078563819922215
1101450,Parecis,RO,2014.0,4.0067363156938764
1101450,Parecis,RO,2015.0,5.486875993179711
1101450,Parecis,RO,2016.0,7.472576804466032
1101450,Parecis,RO,2017.0,4.264042723352293
1101450,Parecis,RO,2018.0,7.232486283134764
1101450,Parecis,RO,2019.0,7.4348471399006275
1101450,Parecis,RO,2020.0,6.125173899127134
1101450,Parecis,RO,2021.0,3.8638817498034124
1101450,Parecis,RO,2022.0,2.8362309241629506
1101450,Parecis,RO,2023.0,4.353120028949989
1101468,Pimenteiras do Oeste,RO,2008.0,6.4913181654668675
1101468,Pimenteiras do Oeste,RO,2009.0,4.993327946773295
1101468,Pimenteiras do Oeste,RO,2010.0,5.944609981741666
1101468,Pimenteiras do Oeste,RO,2011.0,6.379625583251955
1101468,Pimenteiras do Oeste,RO,2012.0,7.525016563815216
1101468,Pimenteiras do Oeste,RO,2013.0,1.204566964992273
1101468,Pimenteiras do Oeste,RO,2014.0,1.2144237634303106
1101468,Pimenteiras do Oeste,RO,2015.0,4.463085547577427
1101468,Pimenteiras do Oeste,RO,2016.0,8.540734320747221
1101468,Pimenteiras do Oeste,RO,2017.0,2.8797789458034915
1101468,Pimenteiras do Oeste,RO,2018.0,3.3237381188201183
1101468,Pimenteiras do Oeste,RO,2019.0,3.726041231132304
1101468,Pimenteiras do Oeste,RO,2020.0,8.898812075876462
1101468,Pimenteiras do Oeste,RO,2021.0,9.731033831381424
1101468,Pimenteiras do Oeste,RO,2022.0,5.651061307847659
1101468,Pimenteiras do Oeste,RO,2023.0,9.547730484050057
1101476,Primavera de Rondônia,RO,2008.0,1.0666342989024706
1101476,Primavera de Rondônia,RO,2009.0,0.02262041014930462
1101476,Primavera de Rondônia,RO,2010.0,0.06461199132830008
1101476,Primavera de Rondônia,RO,2012.0,0.33843364002635884
1101476,Primavera de Rondônia,RO,2013.0,1.0608988437117546
1101476,Primavera de Rondônia,RO,2014.0,0.1941672114458758
1101476,Primavera de Rondônia,RO,2015.0,0.2267351681253129
1101476,Primavera de Rondônia,RO,2017.0,0.5028227762526392
1101476,Primavera de Rondônia,RO,2018.0,1.2164103341511148
1101476,Primavera de Rondônia,RO,2019.0,0.2615975298816118
1101476,Primavera de Rondônia,RO,2020.0,0.2989254098431892
1101476,Primavera de Rondônia,RO,2021.0,1.4483656767056865
1101476,Primavera de Rondônia,RO,2022.0,0.26602104580007957
1101476,Primavera de Rondônia,RO,2023.0,0.22153860305232734
1101484,São Felipe D'Oeste,RO,2008.0,0.35109047599824894
1101484,São Felipe D'Oeste,RO,2010.0,0.0018174544354663973
1101484,São Felipe D'Oeste,RO,2012.0,0.4731794267244367
1101484,São Felipe D'Oeste,RO,2013.0,0.1692605442079197
1101484,São Felipe D'Oeste,RO,2014.0,0.11783379328617863
1101484,São Felipe D'Oeste,RO,2015.0,0.19395447427901497
1101484,São Felipe D'Oeste,RO,2016.0,0.09740997245649498
1101484,São Felipe D'Oeste,RO,2017.0,0.09002203834150332
1101484,São Felipe D'Oeste,RO,2019.0,0.5990993156928438
1101484,São Felipe D'Oeste,RO,2021.0,0.3356967737407521
1101484,São Felipe D'Oeste,RO,2022.0,0.233471352996442
1101484,São Felipe D'Oeste,RO,2023.0,0.07738827627992391
1101492,São Francisco do Guaporé,RO,2008.0,45.495177750472756
1101492,São Francisco do Guaporé,RO,2009.0,11.750670550294878
1101492,São Francisco do Guaporé,RO,2010.0,14.64323866466271
1101492,São Francisco do Guaporé,RO,2011.0,14.259348846601396
1101492,São Francisco do Guaporé,RO,2012.0,9.469890595785632
1101492,São Francisco do Guaporé,RO,2013.0,16.3016610024283
1101492,São Francisco do Guaporé,RO,2014.0,6.863219989878212
1101492,São Francisco do Guaporé,RO,2015.0,10.598789079554928
1101492,São Francisco do Guaporé,RO,2016.0,7.355911429688558
1101492,São Francisco do Guaporé,RO,2017.0,15.036158810301158
1101492,São Francisco do Guaporé,RO,2018.0,26.504378565896104
1101492,São Francisco do Guaporé,RO,2019.0,23.42828360556608
1101492,São Francisco do Guaporé,RO,2020.0,21.939089523971603
1101492,São Francisco do Guaporé,RO,2021.0,32.800789194120426
1101492,São Francisco do Guaporé,RO,2022.0,20.82885499304624
1101492,São Francisco do Guaporé,RO,2023.0,11.944381822565619
1101500,Seringueiras,RO,2008.0,46.67255872829218
1101500,Seringueiras,RO,2009.0,4.670206644152769
1101500,Seringueiras,RO,2010.0,4.873077506196452
1101500,Seringueiras,RO,2011.0,8.118702692127624
1101500,Seringueiras,RO,2012.0,13.19754421725272
1101500,Seringueiras,RO,2013.0,10.790444018693984
1101500,Seringueiras,RO,2014.0,8.777500079804046
1101500,Seringueiras,RO,2015.0,7.401225032591698
1101500,Seringueiras,RO,2016.0,7.982718621642855
1101500,Seringueiras,RO,2017.0,6.993416330226146
1101500,Seringueiras,RO,2018.0,10.345744199791964
1101500,Seringueiras,RO,2019.0,54.63320479334768
1101500,Seringueiras,RO,2020.0,34.88064385438193
1101500,Seringueiras,RO,2021.0,33.49571038290415
1101500,Seringueiras,RO,2022.0,18.88332498683145
1101500,Seringueiras,RO,2023.0,8.710303396448623
1101559,Teixeirópolis,RO,2008.0,0.5236331727267332
1101559,Teixeirópolis,RO,2009.0,0.1797492575778406
1101559,Teixeirópolis,RO,2011.0,0.14749523375330942
1101559,Teixeirópolis,RO,2012.0,0.14851075491188648
1101559,Teixeirópolis,RO,2015.0,0.379315991380335
1101559,Teixeirópolis,RO,2016.0,0.06656959209238672
1101559,Teixeirópolis,RO,2017.0,0.014409969417215496
1101559,Teixeirópolis,RO,2018.0,0.000813474982097981
1101559,Teixeirópolis,RO,2019.0,0.29727898715201334
1101559,Teixeirópolis,RO,2020.0,0.368243454114034
1101559,Teixeirópolis,RO,2021.0,0.3228353177703502
1101559,Teixeirópolis,RO,2022.0,0.027610835856699625
1101559,Teixeirópolis,RO,2023.0,0.0011559379342267594
1101609,Theobroma,RO,2008.0,7.196761426958692
1101609,Theobroma,RO,2009.0,6.473335453164494
1101609,Theobroma,RO,2010.0,1.9144387587912137
1101609,Theobroma,RO,2011.0,2.249140572681811
1101609,Theobroma,RO,2012.0,3.077614451605547
1101609,Theobroma,RO,2013.0,4.994555781156604
1101609,Theobroma,RO,2014.0,3.5732146805990017
1101609,Theobroma,RO,2015.0,4.381157824503829
1101609,Theobroma,RO,2016.0,4.334664417699569
1101609,Theobroma,RO,2017.0,3.3467091549905463
1101609,Theobroma,RO,2018.0,2.6205447384641047
1101609,Theobroma,RO,2019.0,5.62974492909625
1101609,Theobroma,RO,2020.0,4.753142769609589
1101609,Theobroma,RO,2021.0,4.5365001198142085
1101609,Theobroma,RO,2022.0,5.581345605720251
1101609,Theobroma,RO,2023.0,3.954396273015714
1101708,Urupá,RO,2008.0,2.166245864321219
1101708,Urupá,RO,2009.0,1.624853944105072
1101708,Urupá,RO,2010.0,0.2136705963417866
1101708,Urupá,RO,2011.0,1.169636461696521
1101708,Urupá,RO,2012.0,0.8475778914897659
1101708,Urupá,RO,2013.0,0.6980315667962442
1101708,Urupá,RO,2014.0,0.8137289286100191
1101708,Urupá,RO,2015.0,1.0305785554904159
1101708,Urupá,RO,2016.0,1.1325573552554562
1101708,Urupá,RO,2017.0,0.803163874218677
1101708,Urupá,RO,2018.0,0.6873666669981464
1101708,Urupá,RO,2019.0,0.4780859596733124
1101708,Urupá,RO,2020.0,1.0557305616853103
1101708,Urupá,RO,2021.0,0.8598670168507213
1101708,Urupá,RO,2022.0,0.14252411350981517
1101708,Urupá,RO,2023.0,0.4584906583346683
1101757,Vale do Anari,RO,2008.0,12.088138191546971
1101757,Vale do Anari,RO,2009.0,10.227495789659008
1101757,Vale do Anari,RO,2010.0,3.590261019947383
1101757,Vale do Anari,RO,2011.0,7.043656087917727
1101757,Vale do Anari,RO,2012.0,12.072008865867929
1101757,Vale do Anari,RO,2013.0,8.660239250549733
1101757,Vale do Anari,RO,2014.0,11.03060529448606
1101757,Vale do Anari,RO,2015.0,14.345186188664831
1101757,Vale do Anari,RO,2016.0,19.773566392593477
1101757,Vale do Anari,RO,2017.0,10.11694133004939
1101757,Vale do Anari,RO,2018.0,8.898796225021053
1101757,Vale do Anari,RO,2019.0,9.426701650184313
1101757,Vale do Anari,RO,2020.0,7.264189265938022
1101757,Vale do Anari,RO,2021.0,9.320498884179383
1101757,Vale do Anari,RO,2022.0,4.421609770371163
1101757,Vale do Anari,RO,2023.0,4.217518615256163
1101807,Vale do Paraíso,RO,2008.0,0.6827441690989237
1101807,Vale do Paraíso,RO,2009.0,0.6681368372754636
1101807,Vale do Paraíso,RO,2010.0,0.07084324437206539
1101807,Vale do Paraíso,RO,2011.0,0.2504680350483045
1101807,Vale do Paraíso,RO,2012.0,0.6335118693291044
1101807,Vale do Paraíso,RO,2013.0,0.24156281982324415
1101807,Vale do Paraíso,RO,2014.0,1.5478049630170356
1101807,Vale do Paraíso,RO,2015.0,1.2701641951491542
1101807,Vale do Paraíso,RO,2016.0,4.0153919849415045
1101807,Vale do Paraíso,RO,2017.0,5.054436435808719
1101807,Vale do Paraíso,RO,2018.0,2.9103949177903505
1101807,Vale do Paraíso,RO,2019.0,1.8028579707474408
1101807,Vale do Paraíso,RO,2020.0,2.0535674319968704
1101807,Vale do Paraíso,RO,2021.0,2.1953646943127656
1101807,Vale do Paraíso,RO,2022.0,1.15969740471981
1101807,Vale do Paraíso,RO,2023.0,0.3076247854120316
1200013,Acrelândia,AC,2008.0,24.16031888557379
1200013,Acrelândia,AC,2009.0,13.18502314559682
1200013,Acrelândia,AC,2010.0,11.634752576716823
1200013,Acrelândia,AC,2011.0,16.26042931919225
1200013,Acrelândia,AC,2012.0,4.268376040246271
1200013,Acrelândia,AC,2013.0,9.705061535041317
1200013,Acrelândia,AC,2014.0,19.291302376860948
1200013,Acrelândia,AC,2015.0,15.087501176972193
1200013,Acrelândia,AC,2016.0,24.122126700143006
1200013,Acrelândia,AC,2017.0,5.885967768888229
1200013,Acrelândia,AC,2018.0,22.311462778887645
1200013,Acrelândia,AC,2019.0,20.24500228561803
1200013,Acrelândia,AC,2020.0,13.257514484712912
1200013,Acrelândia,AC,2021.0,39.203499561468156
1200013,Acrelândia,AC,2022.0,18.911383044076043
1200013,Acrelândia,AC,2023.0,12.344720687655075
1200054,Assis Brasil,AC,2008.0,3.564537740929196
1200054,Assis Brasil,AC,2009.0,1.661111782065804
1200054,Assis Brasil,AC,2010.0,3.8788948166709387
1200054,Assis Brasil,AC,2011.0,2.90424746625804
1200054,Assis Brasil,AC,2012.0,2.4841258637258674
1200054,Assis Brasil,AC,2013.0,5.018948053780705
1200054,Assis Brasil,AC,2014.0,7.933578586135728
1200054,Assis Brasil,AC,2015.0,6.149226316000908
1200054,Assis Brasil,AC,2016.0,2.9738804918790227
1200054,Assis Brasil,AC,2017.0,6.609437504591724
1200054,Assis Brasil,AC,2018.0,8.2396485561807
1200054,Assis Brasil,AC,2019.0,21.940316953000362
1200054,Assis Brasil,AC,2020.0,18.855404968161707
1200054,Assis Brasil,AC,2021.0,18.305302007974635
1200054,Assis Brasil,AC,2022.0,8.779952076402493
1200054,Assis Brasil,AC,2023.0,7.660580584724131
1200104,Brasiléia,AC,2008.0,13.054434826502247
1200104,Brasiléia,AC,2009.0,8.487992754251781
1200104,Brasiléia,AC,2010.0,12.365167144694391
1200104,Brasiléia,AC,2011.0,15.036932175925354
1200104,Brasiléia,AC,2012.0,13.324762075156645
1200104,Brasiléia,AC,2013.0,17.737198685259962
1200104,Brasiléia,AC,2014.0,34.6080636915093
1200104,Brasiléia,AC,2015.0,22.821441845321342
1200104,Brasiléia,AC,2016.0,18.35939450804053
1200104,Brasiléia,AC,2017.0,23.971037123580928
1200104,Brasiléia,AC,2018.0,21.750186832726463
1200104,Brasiléia,AC,2019.0,60.57274664609256
1200104,Brasiléia,AC,2020.0,41.508418342798784
1200104,Brasiléia,AC,2021.0,63.43430083893042
1200104,Brasiléia,AC,2022.0,31.756822393476035
1200104,Brasiléia,AC,2023.0,23.283860849055085
1200138,Bujari,AC,2008.0,16.212748268453755
1200138,Bujari,AC,2009.0,8.03176841946188
1200138,Bujari,AC,2010.0,8.555451283449605
1200138,Bujari,AC,2011.0,10.393801772362242
1200138,Bujari,AC,2012.0,10.403993940517912
1200138,Bujari,AC,2013.0,8.69758566733208
1200138,Bujari,AC,2014.0,9.466757738671282
1200138,Bujari,AC,2015.0,9.61880111944687
1200138,Bujari,AC,2016.0,17.88739400878516
1200138,Bujari,AC,2017.0,7.833900692879883
1200138,Bujari,AC,2018.0,13.978109259132918
1200138,Bujari,AC,2019.0,26.947132428105533
1200138,Bujari,AC,2020.0,18.244506769960655
1200138,Bujari,AC,2021.0,26.461714181109258
1200138,Bujari,AC,2022.0,38.41842295353675
1200138,Bujari,AC,2023.0,16.55822947609411
1200179,Capixaba,AC,2008.0,8.983389921013057
1200179,Capixaba,AC,2009.0,3.894642746593954
1200179,Capixaba,AC,2010.0,3.845463695273815
1200179,Capixaba,AC,2011.0,9.725396726220822
1200179,Capixaba,AC,2012.0,15.501358907439203
1200179,Capixaba,AC,2013.0,5.909802015361271
1200179,Capixaba,AC,2014.0,9.83749963467114
1200179,Capixaba,AC,2015.0,6.257748507365015
1200179,Capixaba,AC,2016.0,16.860033647511433
1200179,Capixaba,AC,2017.0,11.53633033890694
1200179,Capixaba,AC,2018.0,10.54600700348304
1200179,Capixaba,AC,2019.0,28.285511975120407
1200179,Capixaba,AC,2020.0,19.334242947116383
1200179,Capixaba,AC,2021.0,30.042012223407333
1200179,Capixaba,AC,2022.0,32.852820607717234
1200179,Capixaba,AC,2023.0,12.37037566653539
1200203,Cruzeiro do Sul,AC,2008.0,10.861621796370827
1200203,Cruzeiro do Sul,AC,2009.0,4.009945531381549
1200203,Cruzeiro do Sul,AC,2010.0,23.041871749647715
1200203,Cruzeiro do Sul,AC,2011.0,12.871952095855494
1200203,Cruzeiro do Sul,AC,2012.0,9.943031491962602
1200203,Cruzeiro do Sul,AC,2013.0,5.649858529892865
1200203,Cruzeiro do Sul,AC,2014.0,9.87567346354697
1200203,Cruzeiro do Sul,AC,2015.0,3.4080453322295443
1200203,Cruzeiro do Sul,AC,2016.0,9.554581919333245
1200203,Cruzeiro do Sul,AC,2017.0,9.784573020313701
1200203,Cruzeiro do Sul,AC,2018.0,18.285416476696447
1200203,Cruzeiro do Sul,AC,2019.0,26.06777007132138
1200203,Cruzeiro do Sul,AC,2020.0,43.50864900591691
1200203,Cruzeiro do Sul,AC,2021.0,34.515441688334064
1200203,Cruzeiro do Sul,AC,2022.0,57.427997270056835
1200203,Cruzeiro do Sul,AC,2023.0,28.798078277409367
1200252,Epitaciolândia,AC,2008.0,4.471396254321795
1200252,Epitaciolândia,AC,2009.0,4.350524219992028
1200252,Epitaciolândia,AC,2010.0,3.859560255979192
1200252,Epitaciolândia,AC,2011.0,7.302532909869438
1200252,Epitaciolândia,AC,2012.0,12.712113690149078
1200252,Epitaciolândia,AC,2013.0,6.643980582789205
1200252,Epitaciolândia,AC,2014.0,9.169840987326882
1200252,Epitaciolândia,AC,2015.0,10.076093462237928
1200252,Epitaciolândia,AC,2016.0,7.413733415304529
1200252,Epitaciolândia,AC,2017.0,5.74873515099783
1200252,Epitaciolândia,AC,2018.0,8.196120251307986
1200252,Epitaciolândia,AC,2019.0,11.58962089036292
1200252,Epitaciolândia,AC,2020.0,8.729078615441901
1200252,Epitaciolândia,AC,2021.0,19.201579210252117
1200252,Epitaciolândia,AC,2022.0,11.126147484207099
1200252,Epitaciolândia,AC,2023.0,9.325781118119568
1200302,Feijó,AC,2008.0,28.183636823461388
1200302,Feijó,AC,2009.0,20.731164472039843
1200302,Feijó,AC,2010.0,23.568420673822637
1200302,Feijó,AC,2011.0,24.26430666803141
1200302,Feijó,AC,2012.0,32.08154412322022
1200302,Feijó,AC,2013.0,24.986679394922806
1200302,Feijó,AC,2014.0,38.83206692868356
1200302,Feijó,AC,2015.0,11.303088849844794
1200302,Feijó,AC,2016.0,40.440934185662236
1200302,Feijó,AC,2017.0,28.16145523113202
1200302,Feijó,AC,2018.0,76.01823159394125
1200302,Feijó,AC,2019.0,98.2929590757692
1200302,Feijó,AC,2020.0,104.42121633881926
1200302,Feijó,AC,2021.0,145.35694061687056
1200302,Feijó,AC,2022.0,202.02156451103218
1200302,Feijó,AC,2023.0,65.24990672609243
1200328,Jordão,AC,2008.0,7.61704546683495
1200328,Jordão,AC,2009.0,2.000080658666284
1200328,Jordão,AC,2010.0,7.171607486460378
1200328,Jordão,AC,2011.0,6.281977598104204
1200328,Jordão,AC,2012.0,7.443663905806392
1200328,Jordão,AC,2013.0,2.3148697885983607
1200328,Jordão,AC,2014.0,7.270551817665155
1200328,Jordão,AC,2015.0,0.97152296948088
1200328,Jordão,AC,2016.0,2.2442013302618595
1200328,Jordão,AC,2017.0,2.603842203254787
1200328,Jordão,AC,2018.0,6.576347688312139
1200328,Jordão,AC,2019.0,11.588493259495984
1200328,Jordão,AC,2020.0,12.211029256828574
1200328,Jordão,AC,2021.0,10.234869795842714
1200328,Jordão,AC,2022.0,15.917919352738709
1200328,Jordão,AC,2023.0,5.345538710478117
1200336,Mâncio Lima,AC,2008.0,4.548967760553755
1200336,Mâncio Lima,AC,2009.0,1.372933054805254
1200336,Mâncio Lima,AC,2010.0,4.9107553305081835
1200336,Mâncio Lima,AC,2011.0,12.18825172402909
1200336,Mâncio Lima,AC,2012.0,3.528786067882328
1200336,Mâncio Lima,AC,2013.0,2.7622763244472104
1200336,Mâncio Lima,AC,2014.0,3.1347584029168565
1200336,Mâncio Lima,AC,2015.0,2.4763182899840905
1200336,Mâncio Lima,AC,2016.0,3.1531456021355426
1200336,Mâncio Lima,AC,2017.0,1.9366997946588322
1200336,Mâncio Lima,AC,2018.0,4.026102398712828
1200336,Mâncio Lima,AC,2019.0,12.81466054353138
1200336,Mâncio Lima,AC,2020.0,6.993277499443104
1200336,Mâncio Lima,AC,2021.0,11.307266543172434
1200336,Mâncio Lima,AC,2022.0,14.506715370249902
1200336,Mâncio Lima,AC,2023.0,9.066249032743595
1200344,Manoel Urbano,AC,2008.0,5.039403932480971
1200344,Manoel Urbano,AC,2009.0,5.086676839781885
1200344,Manoel Urbano,AC,2010.0,8.42130987964091
1200344,Manoel Urbano,AC,2011.0,8.298234666456636
1200344,Manoel Urbano,AC,2012.0,14.088950515076473
1200344,Manoel Urbano,AC,2013.0,16.668366336786253
1200344,Manoel Urbano,AC,2014.0,19.061830025185984
1200344,Manoel Urbano,AC,2015.0,19.613016722837894
1200344,Manoel Urbano,AC,2016.0,27.614132047300796
1200344,Manoel Urbano,AC,2017.0,17.468158492787285
1200344,Manoel Urbano,AC,2018.0,47.229628532995534
1200344,Manoel Urbano,AC,2019.0,32.23977094308515
1200344,Manoel Urbano,AC,2020.0,55.29426868554744
1200344,Manoel Urbano,AC,2021.0,42.319542797231456
1200344,Manoel Urbano,AC,2022.0,90.60272376643375
1200344,Manoel Urbano,AC,2023.0,31.40090324365505
1200351,Marechal Thaumaturgo,AC,2008.0,12.43710331146903
1200351,Marechal Thaumaturgo,AC,2009.0,0.06378016729544425
1200351,Marechal Thaumaturgo,AC,2010.0,23.16547904502771
1200351,Marechal Thaumaturgo,AC,2011.0,11.422755170546235
